{
  "hash": "d76eb4e3",
  "configHash": "0ce880e2",
  "lockfileHash": "a427299a",
  "browserHash": "b2de775f",
  "optimized": {
    "@angular/common": {
      "src": "../../../../../node_modules/@angular/common/fesm2022/common.mjs",
      "file": "@angular_common.js",
      "fileHash": "6827929b",
      "needsInterop": false
    },
    "@angular/common/http": {
      "src": "../../../../../node_modules/@angular/common/fesm2022/http.mjs",
      "file": "@angular_common_http.js",
      "fileHash": "aaedf963",
      "needsInterop": false
    },
    "@angular/core": {
      "src": "../../../../../node_modules/@angular/core/fesm2022/core.mjs",
      "file": "@angular_core.js",
      "fileHash": "3fb6fa57",
      "needsInterop": false
    },
    "@angular/forms": {
      "src": "../../../../../node_modules/@angular/forms/fesm2022/forms.mjs",
      "file": "@angular_forms.js",
      "fileHash": "9f4dae8b",
      "needsInterop": false
    },
    "@angular/platform-browser": {
      "src": "../../../../../node_modules/@angular/platform-browser/fesm2022/platform-browser.mjs",
      "file": "@angular_platform-browser.js",
      "fileHash": "da873983",
      "needsInterop": false
    },
    "@angular/router": {
      "src": "../../../../../node_modules/@angular/router/fesm2022/router.mjs",
      "file": "@angular_router.js",
      "fileHash": "1b37f6b6",
      "needsInterop": false
    },
    "rxjs": {
      "src": "../../../../../node_modules/rxjs/dist/esm5/index.js",
      "file": "rxjs.js",
      "fileHash": "ca4ae84a",
      "needsInterop": false
    },
    "rxjs/operators": {
      "src": "../../../../../node_modules/rxjs/dist/esm5/operators/index.js",
      "file": "rxjs_operators.js",
      "fileHash": "e331cd00",
      "needsInterop": false
    }
  },
  "chunks": {
    "chunk-FGIJWRIL": {
      "file": "chunk-FGIJWRIL.js"
    },
    "chunk-2DJJH5CC": {
      "file": "chunk-2DJJH5CC.js"
    },
    "chunk-APQJ6POP": {
      "file": "chunk-APQJ6POP.js"
    },
    "chunk-IGJZNA3K": {
      "file": "chunk-IGJZNA3K.js"
    },
    "chunk-CONQKHOI": {
      "file": "chunk-CONQKHOI.js"
    },
    "chunk-V4GYEGQC": {
      "file": "chunk-V4GYEGQC.js"
    },
    "chunk-GC5FLHL6": {
      "file": "chunk-GC5FLHL6.js"
    }
  }
}